image,description
3AD8509F-A870-4A05-BF80-909BED5EED6A.png,"[INST]  
You are analyzing a webpage wireframe. 
Give a thorough, section-by-section description of the layout. 
Include details such as:
- The structure and arrangement of elements
- Exact labels of buttons, menus, and CTAs
- Headings, subheadings, and text content
- Relationships between sections (e.g., grid layout, columns, rows)
- Notes about emphasis, grouping, and visual hierarchy

Do not summarize. Instead, expand with full descriptive sentences that would help a designer or developer rebuild this wireframe faithfully.
 [/INST] The wireframe presents a structured and organized layout for a webpage. At the top, there is a header with a navigation menu that includes links to ""Home,"" ""Shop,"" ""Blog,"" and ""Contact."" Below the navigation menu, there is a hero section with a large image and a welcome message that reads, ""Welcome to our Store. Browse through a variety of products and find the perfect one for you.""

Just below the hero section, there is a section titled ""Featured Product"" with a product image and a description of the product. This section is followed by a ""New Arrivals"" section, which displays a grid of product images with a ""Check it out"" call-to-action button.

Further down, there is a ""Special Offers"" section with a red button that says ""Shop now"" and a ""Contact Us"" section with a form for users to fill out.

The wireframe also includes a ""Customer Reviews"" section with a grid of review stars and a ""Read our customers' experiences with it."" text. This section is followed by a ""Contact Us"" section with a form for users to fill out.

The wireframe uses a combination of text, images, and buttons to create a clear and user-friendly navigation experience. The use of a grid layout for the ""New Arrivals"" and ""Customer Reviews"" sections helps to group related content and creates a sense of order and consistency. The use of red buttons for the ""Shop now"" and ""Check it out"" calls-to-action adds a visual emphasis to these important actions. The overall layout is designed to guide users through the different sections of the webpage in a logical and intuitive manner. "
3C0A4C08-F7BF-42DD-A72D-4A379B66B529.png,"[INST]  
You are analyzing a webpage wireframe. 
Give a thorough, section-by-section description of the layout. 
Include details such as:
- The structure and arrangement of elements
- Exact labels of buttons, menus, and CTAs
- Headings, subheadings, and text content
- Relationships between sections (e.g., grid layout, columns, rows)
- Notes about emphasis, grouping, and visual hierarchy

Do not summarize. Instead, expand with full descriptive sentences that would help a designer or developer rebuild this wireframe faithfully.
 [/INST] The wireframe presents a structured and organized layout for a webpage. At the top, there is a header with a navigation menu that includes links to ""Home,"" ""Menu,"" ""Reservations,"" ""Contact Us,"" and ""Explore Menus."" Below the navigation menu, there is a section titled ""Starters,"" which is a grid of images representing different starters, each accompanied by a label and a ""Learn More"" button.

To the right of the starters section, there is a ""Main Course"" section with a similar grid layout, showcasing various main courses with images, labels, and ""Learn More"" buttons.

Below the main course section, there is a ""Desserts"" section, which is a single column of images representing different desserts, each with a label and a ""Learn More"" button.

At the bottom of the wireframe, there is a footer with a ""Beverages"" section that includes a list of beverages with images and labels. The footer also contains a ""Contact Us"" button and a copyright notice.

The wireframe uses a clean and minimalist design with a white background and a simple, sans-serif font. The use of color is limited, with the main colors being black, gray, and red, which are used to highlight certain elements, such as buttons and images. The layout is designed to be user-friendly, with clear headings, subheadings, and a logical flow from one section to the next. The emphasis is on the images and the ""Learn More"" buttons, which are designed to stand out from the rest of the content. The wireframe does not include any text content, focusing solely on the structure and arrangement of the elements. "
image_139_48.png,"[INST]  
You are analyzing a webpage wireframe. 
Give a thorough, section-by-section description of the layout. 
Include details such as:
- The structure and arrangement of elements
- Exact labels of buttons, menus, and CTAs
- Headings, subheadings, and text content
- Relationships between sections (e.g., grid layout, columns, rows)
- Notes about emphasis, grouping, and visual hierarchy

Do not summarize. Instead, expand with full descriptive sentences that would help a designer or developer rebuild this wireframe faithfully.
 [/INST] The wireframe presents a clean and organized layout for a webpage titled ""Healthy Minds."" The color scheme is primarily blue and green, with the main body of the page featuring a large green rectangle. This rectangle is divided into two sections, each containing a smaller blue rectangle.

At the top of the page, there is a blue header with the title ""Healthy Minds"" in white text. Below the header, there is a search bar with a placeholder text ""Search..."". To the right of the search bar, there is a button labeled ""Book an Appointment"" with a white background and a blue outline.

The main content area of the page is divided into two columns. The left column contains a large green rectangle with a white outline, and the right column contains a smaller blue rectangle with a white outline.

The wireframe also includes a footer with a blue background and a white outline. The footer contains a button labeled ""Contact Us"" with a white background and a blue outline.

The wireframe uses a grid layout with a clear visual hierarchy, with the header and footer acting as bookends to the main content area. The use of color and the division of the page into sections create a structured and easy-to-navigate layout. The emphasis on the green and blue rectangles draws attention to the main content area, while the search bar and buttons provide clear calls to action for the user. "
image_79_37.png,"[INST]  
You are analyzing a webpage wireframe. 
Give a thorough, section-by-section description of the layout. 
Include details such as:
- The structure and arrangement of elements
- Exact labels of buttons, menus, and CTAs
- Headings, subheadings, and text content
- Relationships between sections (e.g., grid layout, columns, rows)
- Notes about emphasis, grouping, and visual hierarchy

Do not summarize. Instead, expand with full descriptive sentences that would help a designer or developer rebuild this wireframe faithfully.
 [/INST] The wireframe presents a layout for a webpage titled ""Social Media ManagerR"". The page is divided into two main sections: ""Optimize Your Social Media Growth"" and ""Our Services"".

The ""Optimize Your Social Media Growth"" section is located at the top of the page. It features a placeholder image and a heading that reads ""Unlock the power of Social Media with our services"". This section serves as an introduction to the services offered by the company.

Below this introduction, the ""Our Services"" section is structured in a grid layout with three columns. Each column contains a placeholder image and a heading that reads ""Boost your reach, increase your engagement, analyze your data"". This section provides a brief overview of the services offered by the company.

The ""Pricing"" section is located at the bottom of the page. It features a placeholder image and a heading that reads ""Starting at $100 per month"". This section provides information about the pricing structure for the services offered by the company.

The wireframe also includes a navigation bar at the top of the page with the following menu items: ""Home"", ""About"", ""Services"", ""Pricing"", and ""Contact"". These menu items provide easy access to different sections of the website.

The wireframe uses a simple color scheme with a white background and black text, which helps to emphasize the content. The use of placeholder images allows for flexibility in the final design, as they can be replaced with actual images. The overall layout is clean and straightforward, with a clear visual hierarchy that guides the user's eye from the top of the page to the bottom. "
