image,description,html_output
3AD8509F-A870-4A05-BF80-909BED5EED6A.png,"Certainly! Here is a detailed breakdown of the webpage wireframe:

### Header and Navigation Items
The header contains a navigation bar at the top of the page. The navigation items include:
- Home
- Shop
- Blog
- Contact

These items are presented as buttons, likely with a dark background and white text for contrast.

### Hero Section
Below the navigation bar, there is a hero section that welcomes visitors to the store. The text in this section reads:
**""Welcome to our Store""**
Followed by a subheading:
**""Browse through a variety of products pulled from all corners of the world and find the perfect items that suit your taste.""**

A prominent call-to-action button labeled ""Shop Now"" is placed below the subheading, encouraging users to start shopping.

### Content Blocks
The main content area is divided into several sections, each with its own title, description, and interactive button.

1. **Featured Product**
   - Title: ""Featured Product""
   - Description: ""Uncover the exquisite collection of fashion items that stands out from the ordinary.""
   - Button: ""Explore More""

2. **New Arrivals**
   - Title: ""New Arrivals""
   - Description: ""Discover the latest additions with innovative designs and exclusive prints.""
   - Button: ""Check it out""

3. **Special Offers**
   - Title: ""Special Offers""
   - Description: ""Get to know about exclusive deals that'll maximize your savings.""
   - Button: ""Save More""

4. **Contact Us**
   - Title: ""Contact Us""
   - Description: ""Need to talk? Connect with us for any queries or support.""
   - Button: ""Contact Now""

Each content block has a light gray background and rounded corners, providing a clean and modern look.

### Footer Elements
At the bottom of the page, there is a footer section that includes:
- A copyright notice: ""© eCommerce 2022""
- No additional links or information are present in the footer.

This layout ensures a clear and organized structure, making it easy for users to navigate and engage with the content provided on the page.","```html
<!DOCTYPE html>
<html lang=""en"">
<head>
    <meta charset=""UTF-8"">
    <meta name=""viewport"" content=""width=device-width, initial-scale=1.0"">
    <title>Online Store</title>
    <style>
        body {
            font-family: Arial, sans-serif;
            margin: 0;
            padding: 0;
            background-color: #f4f4f4;
        }
        .container {
            max-width: 1000px;
            margin: 0 auto;
            padding: 20px;
        }
        nav {
            display: flex;
            justify-content: space-around;
            align-items: center;
            background-color: #333;
            color: #fff;
            padding: 10px 0;
        }
        nav a {
            color: #fff;
            text-decoration: none;
            padding: 10px;
            border-radius: 5px;
            background-color: #444;
        }
        .hero {
            background-color: #fff;
            padding: 20px;
            margin-bottom: 20px;
            text-align: center;
        }
        .hero h1 {
            margin-top: 0;
        }
        .content-block {
            background-color: #fff;
            padding: 20px;
            margin-bottom: 20px;
            display: inline-block;
            width: 24%;
            vertical-align: top;
            margin-right: 2%;
            box-sizing: border-box;
            border-radius: 5px;
        }
        .content-block:last-child {
            margin-right: 0;
        }
        .footer {
            text-align: center;
            padding: 20px;
            border-top: 1px solid #ccc;
        }
    </style>
</head>
<body>
    <nav>
        <a href=""#"">Home</a>
        <a href=""#"" class=""active"">Shop</a>
        <a href=""#"">Blog</a>
        <a href=""#"">Contact</a>
    </nav>

    <div class=""container"">
        <div class=""hero"">
            <h1>Welcome to our Store</h1>
            <p>Browse through a variety of products pulled from all corners of the world and find the perfect items that suit your taste.</p>
            <button class=""shop-now"">Shop Now</button>
        </div>

        <div class=""content-block"">
            <h2>Featured Product</h2>
            <p>Uncover the exquisite collection of fashion items that stands out from the ordinary.</p>
            <button class=""explore-more"">Explore More</button>
        </div>

        <div class=""content-block"">
            <h2>New Arrivals</h2>
            <p>Discover the latest additions with innovative designs and exclusive prints.</p>
            <button class=""check-out"">Check it out</button>
        </div>

        <div class=""content-block"">
            <h2>Special Offers</h2>
            <p>Get to know about exclusive deals that'll maximize your savings.</p>
            <button class=""save-more"">Save More</button>
        </div>

        <div class=""content-block"">
            <h2>Contact Us</h2>
            <p>Need to talk? Connect with us for any queries or support.</p>
            <button class=""contact-now"">Contact Now</button>
        </div>

        <div class=""content-block"">
            <h2>About us</h2>
            <p>We are committed to providing you with the best shopping experience.</p>
            <button class=""learn-more"">Learn more</button>
        </div>

        <div class=""content-block"">
            <h2>Customer Reviews</h2>
            <p>Read what our customers say about their experiences with us.</p>
            <button class=""read-reviews"">Read Reviews</button>
        </div>
    </div>

    <footer class=""footer"">
        <p>© eCommerce 2022</p>
    </footer>
</body>
</html>
```"
3C0A4C08-F7BF-42DD-A72D-4A379B66B529.png,"Certainly! Here is a detailed breakdown of the webpage wireframe:

### Header and Navigation Items
The header contains a series of navigation buttons aligned horizontally at the top of the page. The buttons include:
- Home
- Menu
- Pre-order
- Reservation
- Contact Us

These buttons are designed to be easily clickable and are likely to be interactive elements that direct users to different sections of the website.

### Hero Section
Below the navigation bar, there is a hero section that serves as an introduction or main call-to-action area. It features a large button labeled ""Explore Menu"" which is prominently displayed in the center. This button is intended to encourage users to explore the menu options available on the site.

### Content Blocks
The main content area is divided into four distinct sections, each representing a different category of food or drink offerings:
1. **Starters**
   - **Title:** Starters
   - **Description:** Treat your tastebuds with our exquisite starters that prepare you for the main course.
   - **Button:** Explore Menu (orange button)
2. **Main Course**
   - **Title:** Main Course
   - **Description:** Indulge in our variety of main course options - From traditional fare to fusion dishes.
   - **Button:** Explore Menu (red button)
3. **Desserts**
   - **Title:** Desserts
   - **Description:** Savor our delicious desserts that will leave you craving for more.
   - **Button:** Explore Menu (green button)
4. **Beverages**
   - **Title:** Beverages
   - **Description:** Quench your thirst with our refreshing and unique beverages.
   - **Button:** Explore Menu (green button)

Each content block has a light gray background and rounded corners, giving it a clean and modern look. The ""Explore Menu"" buttons are color-coded to match their respective categories, making them visually distinct and easy to identify.

### Footer Elements
At the bottom of the page, there is a footer section that includes a copyright notice:
- **Copyright Notice:** © Delicious Restaurant 2022

This footer is simple and unobtrusive, ensuring that it does not distract from the main content but still provides necessary legal information.

### Overall Layout
The layout is structured to guide the user through the different sections of the website efficiently. The hero section acts as a central point of interaction, leading the user to explore the menu. The content blocks provide a clear categorization of the restaurant's offerings, while the footer ensures that the user knows where they are and when the content was last updated.","```html
<!DOCTYPE html>
<html lang=""en"">
<head>
    <meta charset=""UTF-8"">
    <meta name=""viewport"" content=""width=device-width, initial-scale=1.0"">
    <title>Delicious Restaurant</title>
    <style>
        body {
            font-family: Arial, sans-serif;
            margin: 0;
            padding: 0;
            display: flex;
            flex-direction: column;
            min-height: 100vh;
        }
        nav {
            display: flex;
            justify-content: space-around;
            align-items: center;
            background-color: #f9f9f9;
            padding: 10px 0;
        }
        nav a {
            text-decoration: none;
            color: white;
            background-color: #333;
            padding: 10px 20px;
            border-radius: 5px;
            margin-right: 10px;
        }
        .hero {
            text-align: center;
            padding: 20px;
            border-bottom: 1px solid #ccc;
        }
        .content-block {
            display: inline-block;
            width: 25%;
            margin: 10px;
            padding: 20px;
            background-color: #f9f9f9;
            border-radius: 10px;
            box-shadow: 0 2px 5px rgba(0,0,0,0.1);
        }
        .content-block button {
            display: block;
            margin-top: 20px;
            padding: 10px 20px;
            background-color: green;
            color: white;
            border: none;
            border-radius: 5px;
            cursor: pointer;
        }
        footer {
            text-align: center;
            padding: 10px;
            background-color: #f9f9f9;
            border-top: 1px solid #ccc;
        }
    </style>
</head>
<body>
    <nav>
        <a href=""#"">Home</a>
        <a href=""#"">Menu</a>
        <a href=""#"">Pre-order</a>
        <a href=""#"">Reservation</a>
        <a href=""#"">Contact Us</a>
    </nav>
    <div class=""hero"">
        <h1>Explore Menu</h1>
        <button>Explore Menu</button>
    </div>
    <div class=""content-block"">
        <h2>Starters</h2>
        <p>Treat your tastebuds with our exquisite starters that prepare you for the main course.</p>
        <button>Explore Menu</button>
    </div>
    <div class=""content-block"">
        <h2>Main Course</h2>
        <p>Indulge in our variety of main course options - From traditional fare to fusion dishes.</p>
        <button>Explore Menu</button>
    </div>
    <div class=""content-block"">
        <h2>Desserts</h2>
        <p>Savor our delicious desserts that will leave you craving for more.</p>
        <button>Explore Menu</button>
    </div>
    <div class=""content-block"">
        <h2>Beverages</h2>
        <p>Quench your thirst with our refreshing and unique beverages.</p>
        <button>Explore Menu</button>
    </div>
    <footer>
        <p>© Delicious Restaurant 2022</p>
    </footer>
</body>
</html>
```"
image_139_48.png,"Certainly! Here is a detailed breakdown of the webpage wireframe:

### Header Section
- **Background Color**: The header has a solid blue background.
- **Text**: At the top center, there is a white text that reads ""Healthy Minds.""
- **Search Bar**: Below the title, there is a white search bar with placeholder text ""Search..."" inside it.
- **Navigation Buttons**: Two white rectangular buttons are present below the search bar. The first button says ""Book an Appointment,"" and the second button says ""Contact Us.""

### Hero Section
- **Background Color**: The hero section has a solid green background.
- **Content**: There is no visible text or images within this section; it appears to be a placeholder for a visual element or a large heading that might be added later.

### Content Blocks
- **First Content Block**
  - **Background Color**: Green.
  - **Title**: There is no visible title in this block.
  - **Description**: Similarly, there is no visible description in this block.
  - **Button**: A white rectangular button is present at the bottom right corner of this block, but its label is not visible in the image provided.

- **Second Content Block**
  - **Background Color**: Green.
  - **Title**: There is no visible title in this block either.
  - **Description**: Like the first content block, there is no visible description here.
  - **Button**: Another white rectangular button is located at the bottom right corner of this block, but its label is also not visible in the image.

### Footer Section
- **Background Color**: The footer section is not visible in the provided image, so there are no details about its color or content.

This wireframe provides a clear structure for the webpage, with distinct sections for the header, hero area, content blocks, and placeholders for additional content. Each section's purpose and design elements are outlined to guide a designer in rebuilding the layout accurately.","```html
<!DOCTYPE html>
<html lang=""en"">
<head>
    <meta charset=""UTF-8"">
    <meta name=""viewport"" content=""width=device-width, initial-scale=1.0"">
    <title>Healthy Minds</title>
    <style>
        body {
            margin: 0;
            font-family: Arial, sans-serif;
        }
        .header {
            background-color: #0066cc;
            color: white;
            padding: 20px 0;
            text-align: center;
        }
        .search-bar {
            display: flex;
            justify-content: center;
            align-items: center;
        }
        .search-bar input {
            padding: 10px;
            margin-right: 10px;
            border-radius: 5px;
            border: none;
            width: 300px;
        }
        .buttons {
            display: flex;
            justify-content: center;
            align-items: center;
        }
        .buttons button {
            padding: 10px 20px;
            margin-right: 10px;
            border-radius: 5px;
            border: none;
            background-color: white;
            color: black;
            cursor: pointer;
        }
        .hero {
            background-color: #00cc00;
            color: white;
            height: 200px;
            text-align: center;
            display: flex;
            justify-content: center;
            align-items: center;
        }
        .content-block {
            background-color: #00cc00;
            color: white;
            padding: 20px;
            margin-bottom: 20px;
        }
        .footer {
            background-color: #0066cc;
            color: white;
            padding: 20px 0;
            text-align: center;
        }
    </style>
</head>
<body>
    <header class=""header"">
        <h1>Healthy Minds</h1>
        <div class=""search-bar"">
            <input type=""text"" placeholder=""Search..."">
        </div>
        <div class=""buttons"">
            <button>Book an Appointment</button>
            <button>Contact Us</button>
        </div>
    </header>
    <section class=""hero"">
        <h2>Hero Section</h2>
    </section>
    <section class=""content-block"">
        <h3>Content Block 1</h3>
        <button>Button 1</button>
    </section>
    <section class=""content-block"">
        <h3>Content Block 2</h3>
        <button>Button 2</button>
    </section>
    <footer class=""footer"">
        <p>Footer Section</p>
    </footer>
</body>
</html>
```"
image_5578_23.png,"Certainly! Here is a detailed breakdown of the webpage wireframe:

### Header and Navigation Items
The header at the top of the page contains four main navigation items:
1. **HOME**: Likely links to the homepage.
2. **ABOUT**: Likely provides information about the company or service.
3. **SERVICES**: Likely leads to a page detailing the services offered by the car rental company.
4. **CONTACT**: Likely directs users to a contact form or page where they can get in touch.

### Hero Section
Below the header, there is a large hero section that serves as the main visual element of the page. It has a light blue background and prominently displays the text ""Welcome to Car Rentals"" in white font. This section likely aims to grab the user's attention and introduce them to the purpose of the website.

### Search Bar
Directly below the hero section, there is a search bar with the placeholder text ""Search for car..."". Next to the search bar, there is a button labeled ""Search"". This allows users to quickly find specific cars available for rent.

### Content Blocks
#### Where to Ride?
This content block is titled ""Where to ride?"" and includes the subtext: ""Ride where you want, when you want."" This section emphasizes the flexibility and convenience of renting a car from this company.

#### Pick a Time
This block is titled ""Pick a time"" and includes the subtext: ""When's the ride of a lifetime?"" This suggests that the company offers flexible scheduling options, allowing customers to choose their preferred rental dates and times.

### Footer
At the bottom of the page, there is a footer section that spans the width of the page. It contains a single line of text centered in the middle, which reads: ""Copyright © 2022 Car Rental Company"". This footer typically includes copyright information and may also contain links to legal terms, privacy policy, or other important legal documents related to the company’s operations.

### Overall Layout
The layout is clean and straightforward, with a focus on usability. The hero section takes up a significant portion of the page, drawing attention to the main message. Below it, the search functionality is easily accessible, followed by two content blocks that provide additional information about the services offered. The footer ensures that necessary legal and copyright information is included without obstructing the main content.","```html
<!DOCTYPE html>
<html lang=""en"">
<head>
    <meta charset=""UTF-8"">
    <meta name=""viewport"" content=""width=device-width, initial-scale=1.0"">
    <title>Car Rentals</title>
    <style>
        body {
            font-family: Arial, sans-serif;
            margin: 0;
            padding: 0;
            display: flex;
            flex-direction: column;
            min-height: 100vh;
        }
        header {
            background-color: #f0f8ff;
            display: flex;
            justify-content: space-around;
            padding: 10px 20px;
        }
        nav ul {
            list-style-type: none;
            padding: 0;
        }
        nav li {
            display: inline;
            margin-right: 20px;
        }
        .hero {
            background-color: #b0e0e6;
            color: white;
            text-align: center;
            padding: 50px 0;
        }
        .search-bar {
            margin-top: 50px;
            display: flex;
        }
        .search-bar input {
            padding: 10px;
            margin-right: 10px;
            border-radius: 4px;
            border: 1px solid #ccc;
        }
        .search-bar button {
            padding: 10px 20px;
            border-radius: 4px;
            background-color: #a9d0c7;
            color: white;
            cursor: pointer;
        }
        .content-blocks {
            margin-top: 50px;
        }
        .content-blocks h2 {
            margin-bottom: 10px;
        }
        footer {
            background-color: #d3d3d3;
            color: white;
            text-align: center;
            padding: 20px 0;
            margin-top: auto;
        }
    </style>
</head>
<body>
    <header>
        <nav>
            <ul>
                <li><a href=""#"">HOME</a></li>
                <li><a href=""#"">ABOUT</a></li>
                <li><a href=""#"">SERVICES</a></li>
                <li><a href=""#"">CONTACT</a></li>
            </ul>
        </nav>
    </header>
    <main>
        <section class=""hero"">
            <h1>Welcome to Car Rentals</h1>
        </section>
        <section class=""search-bar"">
            <input type=""text"" placeholder=""Search for car..."">
            <button>Search</button>
        </section>
        <section class=""content-blocks"">
            <div>
                <h2>Where to ride?</h2>
                <p>Ride where you want, when you want.</p>
            </div>
            <div>
                <h2>Pick a time</h2>
                <p>When's the ride of a lifetime?</p>
            </div>
        </section>
    </main>
    <footer>
        <p>Copyright © 2022 Car Rental Company</p>
    </footer>
</body>
</html>
```"
image_79_37.png,"Certainly! Here is a detailed section-by-section description of the webpage wireframe:

### Header
- **Header Text**: The header prominently displays the company name ""Social Media ManageR"" in a large, bold font.
- **Navigation Items**: Below the company name, there is a navigation bar containing links to different sections of the website: Home, About, Services, Pricing, and Contact.

### Hero Section
- **Background**: The hero section has a light gray background.
- **Text Content**:
  - ""Optimize Your Social Media Growth""
  - ""Unlock the power of Social Media with our services""
- **Visual Element**: There is a placeholder for an image or icon on the right side of the hero section, which appears to be currently empty.

### Content Blocks
- **Our Services Section**:
  - **Title**: ""Our Services""
  - **Description**: ""Boost your reach, Increase your engagement, Analyze your data""
- **Pricing Section**:
  - **Title**: ""Pricing""
  - **Description**: ""Starting at just $100 per month""

### Footer
- **Footer Text**: The footer contains the copyright notice ""© 2023 Social Media ManageR"".
- **Footer Navigation**: Similar to the header, it includes links to Home, About, Services, Pricing, and Contact.

### Design Elements
- **Color Scheme**: The primary colors used are white, black, and shades of gray.
- **Typography**: The main heading uses a bold, sans-serif font, while the subheadings and body text use a lighter, more readable font.
- **Layout**: The content is arranged in a clean, grid-like structure with clear separation between sections.

This wireframe provides a comprehensive overview of the webpage's layout and design elements, which can guide a designer in rebuilding the layout accurately.","```html
<!DOCTYPE html>
<html lang=""en"">
<head>
    <meta charset=""UTF-8"">
    <meta name=""viewport"" content=""width=device-width, initial-scale=1.0"">
    <title>Social Media Manager</title>
    <style>
        body {
            font-family: Arial, sans-serif;
            margin: 0;
            padding: 0;
            color: #333;
            background-color: #f4f4f4;
        }
        header {
            background-color: #fff;
            display: flex;
            justify-content: space-between;
            align-items: center;
            padding: 10px 20px;
            box-shadow: 0 2px 4px rgba(0, 0, 0, 0.1);
        }
        nav ul {
            list-style-type: none;
            padding: 0;
        }
        nav li {
            display: inline;
            margin-right: 10px;
        }
        .hero {
            background-color: #f4f4f4;
            padding: 50px 20px;
            text-align: left;
        }
        .hero img {
            float: right;
            width: 200px;
            height: auto;
        }
        .content-block {
            margin-top: 20px;
        }
        footer {
            background-color: #fff;
            color: #333;
            text-align: center;
            padding: 10px 20px;
            border-top: 1px solid #ddd;
        }
    </style>
</head>
<body>
    <header>
        <h1>Social Media ManageR</h1>
        <nav>
            <ul>
                <li><a href=""#home"">Home</a></li>
                <li><a href=""#about"">About</a></li>
                <li><a href=""#services"">Services</a></li>
                <li><a href=""#pricing"">Pricing</a></li>
                <li><a href=""#contact"">Contact</a></li>
            </ul>
        </nav>
    </header>

    <section class=""hero"">
        <div>
            <p>Optimize Your Social Media Growth</p>
            <p>Unlock the power of Social Media with our services</p>
        </div>
        <img src=""placeholder.png"" alt=""Placeholder Image"">
    </section>

    <section class=""content-block"">
        <h2>Our Services</h2>
        <p>Boost your reach, Increase your engagement, Analyze your data</p>
    </section>

    <section class=""content-block"">
        <h2>Pricing</h2>
        <p>Starting at just $100 per month</p>
    </section>

    <footer>
        <p>&copy; 2023 Social Media ManageR</p>
        <nav>
            <ul>
                <li><a href=""#home"">Home</a></li>
                <li><a href=""#about"">About</a></li>
                <li><a href=""#services"">Services</a></li>
                <li><a href=""#pricing"">Pricing</a></li>
                <li><a href=""#contact"">Contact</a></li>
            </ul>
        </nav>
    </footer>
</body>
</html>
```"
