image,html_raw,html_final
3AD8509F-A870-4A05-BF80-909BED5EED6A.png,"<analysis>
The wireframe depicts a simple e-commerce website layout. Here's a breakdown of the layout mapping to semantic HTML:

1. **Header/Nav**: The top section includes navigation links labeled ""Home,"" ""Shop,"" ""Blog,"" and ""Contact."" These elements should be placed within a `<nav>` tag.

2. **Hero Section**: Below the navigation, there is a large hero section that welcomes visitors to the store. This section should be wrapped in a `<header>` tag, which can also include the `<h1>` for the title ""Welcome to our Store.""

3. **Content Blocks**: There are four distinct content blocks below the hero section:
   - **Featured Product**
   - **New Arrivals**
   - **Special Offers**
   - **Contact Us**

Each of these blocks should be wrapped in a `<section>` tag, with appropriate `<h2>` headers for each block.

4. **About Us**: Below the content blocks, there is a section labeled ""About us"" with a brief description. This should be wrapped in a `<section>` tag with an `<h2>` header.

5. **Customer Reviews**: At the bottom, there is a section for customer reviews. This should be wrapped in a `<section>` tag with an `<h2>` header.

6. **Footer**: The footer contains a copyright notice at the bottom. This should be wrapped in a `<footer>` tag.

**Layout Choices**:
- The layout uses a grid layout for arranging the content blocks, which can be achieved using CSS Grid or Flexbox.
- The hero section likely uses Flexbox for alignment purposes.
- Responsive design considerations assume that the grid will adapt to different screen sizes, ensuring that the content remains readable and usable on mobile devices.

**Assumptions**:
- The wireframe does not specify specific dimensions or exact placements, so the layout is assumed to be fluid and adaptable.
- The hero section is centered, suggesting a horizontal center alignment.
- The content blocks are arranged in a grid-like fashion, possibly two per row on larger screens and one per row on smaller screens.

</analysis>

<final>
```html
<!DOCTYPE html>
<html lang=""en"">
<head>
    <meta charset=""UTF-8"">
    <meta name=""viewport"" content=""width=device-width, initial-scale=1.0"">
    <title>E-commerce Website</title>
    <style>
        body {
            font-family: Arial, sans-serif;
            margin: 0;
            padding: 0;
            display: flex;
            flex-direction: column;
            min-height: 100vh;
        }
        nav {
            background-color: #f8f9fa;
            display: flex;
            justify-content: space-around;
            padding: 10px 0;
        }
        .content-block {
            background-color: #f8f9fa;
            border-radius: 8px;
            margin: 20px;
            padding: 20px;
            box-shadow: 0 2px 4px rgba(0, 0, 0, 0.1);
        }
        footer {
            text-align: center;
            padding: 10px;
            border-top: 1px solid #ddd;
        }
    </style>
</head>
<body>
    <nav>
        <a href=""#"">Home</a>
        <a href=""#"">Shop</a>
        <a href=""#"">Blog</a>
        <a href=""#"">Contact</a>
    </nav>
    <header>
        <h1>Welcome to our Store</h1>
        <p>Browse through a variety of products pulled from all corners of the world and find the perfect items that suit your taste.</p>
        <button>Shop Now</button>
    </header>
    <main>
        <section class=""content-block"">
            <h2>Featured Product</h2>
            <p>Uncover the exquisite collection of fashion items that stands out from the ordinary.</p>
            <button>Explore More</button>
        </section>
        <section class=""content-block"">
            <h2>New Arrivals</h2>
            <p>Discover the latest additions with innovative designs and exclusive prints.</p>
            <button>Check it out</button>
        </section>
        <section class=""content-block"">
            <h2>Special Offers</h2>
            <p>Get to know about exclusive deals that'll maximize your savings.</p>
            <button>Save More</button>
        </section>
        <section class=""content-block"">
            <h2>Contact Us</h2>
            <p>Need to talk? Connect with us for any queries or support.</p>
            <button>Contact Now</button>
        </section>
        <section class=""content-block"">
            <h2>About us</h2>
            <p>We are committed to providing you with the best shopping experience.</p>
            <button>Learn more</button>
        </section>
        <section class=""content-block"">
            <h2>Customer Reviews</h2>
            <p>Read what our customers say about their experiences with us.</p>
            <button>Read Reviews</button>
        </section>
    </main>
    <footer>
        <p>&copy; eCommerce 2022</p>
    </footer>
</body>
</html>
```","<analysis>
The wireframe depicts a simple e-commerce website layout. Here's a breakdown of the layout mapping to semantic HTML:

1. **Header/Nav**: The top section includes navigation links labeled ""Home,"" ""Shop,"" ""Blog,"" and ""Contact."" These elements should be placed within a `<nav>` tag.

2. **Hero Section**: Below the navigation, there is a large hero section that welcomes visitors to the store. This section should be wrapped in a `<header>` tag, which can also include the `<h1>` for the title ""Welcome to our Store.""

3. **Content Blocks**: There are four distinct content blocks below the hero section:
   - **Featured Product**
   - **New Arrivals**
   - **Special Offers**
   - **Contact Us**

Each of these blocks should be wrapped in a `<section>` tag, with appropriate `<h2>` headers for each block.

4. **About Us**: Below the content blocks, there is a section labeled ""About us"" with a brief description. This should be wrapped in a `<section>` tag with an `<h2>` header.

5. **Customer Reviews**: At the bottom, there is a section for customer reviews. This should be wrapped in a `<section>` tag with an `<h2>` header.

6. **Footer**: The footer contains a copyright notice at the bottom. This should be wrapped in a `<footer>` tag.

**Layout Choices**:
- The layout uses a grid layout for arranging the content blocks, which can be achieved using CSS Grid or Flexbox.
- The hero section likely uses Flexbox for alignment purposes.
- Responsive design considerations assume that the grid will adapt to different screen sizes, ensuring that the content remains readable and usable on mobile devices.

**Assumptions**:
- The wireframe does not specify specific dimensions or exact placements, so the layout is assumed to be fluid and adaptable.
- The hero section is centered, suggesting a horizontal center alignment.
- The content blocks are arranged in a grid-like fashion, possibly two per row on larger screens and one per row on smaller screens.

</analysis>

<final>
```html
<!DOCTYPE html>
<html lang=""en"">
<head>
    <meta charset=""UTF-8"">
    <meta name=""viewport"" content=""width=device-width, initial-scale=1.0"">
    <title>E-commerce Website</title>
    <style>
        body {
            font-family: Arial, sans-serif;
            margin: 0;
            padding: 0;
            display: flex;
            flex-direction: column;
            min-height: 100vh;
        }
        nav {
            background-color: #f8f9fa;
            display: flex;
            justify-content: space-around;
            padding: 10px 0;
        }
        .content-block {
            background-color: #f8f9fa;
            border-radius: 8px;
            margin: 20px;
            padding: 20px;
            box-shadow: 0 2px 4px rgba(0, 0, 0, 0.1);
        }
        footer {
            text-align: center;
            padding: 10px;
            border-top: 1px solid #ddd;
        }
    </style>
</head>
<body>
    <nav>
        <a href=""#"">Home</a>
        <a href=""#"">Shop</a>
        <a href=""#"">Blog</a>
        <a href=""#"">Contact</a>
    </nav>
    <header>
        <h1>Welcome to our Store</h1>
        <p>Browse through a variety of products pulled from all corners of the world and find the perfect items that suit your taste.</p>
        <button>Shop Now</button>
    </header>
    <main>
        <section class=""content-block"">
            <h2>Featured Product</h2>
            <p>Uncover the exquisite collection of fashion items that stands out from the ordinary.</p>
            <button>Explore More</button>
        </section>
        <section class=""content-block"">
            <h2>New Arrivals</h2>
            <p>Discover the latest additions with innovative designs and exclusive prints.</p>
            <button>Check it out</button>
        </section>
        <section class=""content-block"">
            <h2>Special Offers</h2>
            <p>Get to know about exclusive deals that'll maximize your savings.</p>
            <button>Save More</button>
        </section>
        <section class=""content-block"">
            <h2>Contact Us</h2>
            <p>Need to talk? Connect with us for any queries or support.</p>
            <button>Contact Now</button>
        </section>
        <section class=""content-block"">
            <h2>About us</h2>
            <p>We are committed to providing you with the best shopping experience.</p>
            <button>Learn more</button>
        </section>
        <section class=""content-block"">
            <h2>Customer Reviews</h2>
            <p>Read what our customers say about their experiences with us.</p>
            <button>Read Reviews</button>
        </section>
    </main>
    <footer>
        <p>&copy; eCommerce 2022</p>
    </footer>
</body>
</html>
```"
3C0A4C08-F7BF-42DD-A72D-4A379B66B529.png,"<analysis>
The wireframe shows a simple layout for a restaurant website. Here's a breakdown of the layout mapping to semantic HTML:

1. **Header/Nav Items**: The top navigation bar includes links labeled ""Home,"" ""Menu,"" ""Pre-order,"" ""Reservation,"" and ""Contact Us."" These can be represented using `<nav>` elements.

2. **Hero Structure**: There is no distinct hero section visible in the wireframe, but the main content area could serve as a hero-like introduction to the restaurant's offerings.

3. **Content Blocks**: The main content area is divided into four sections: ""Starters,"" ""Main Course,"" ""Desserts,"" and ""Beverages."" Each section has a title, a brief description, and a button labeled ""Explore Menu.""

4. **Footer**: The footer contains a copyright notice stating ""© Delicious Restaurant 2022.""

**Layout Choices**:
- The layout uses a grid layout for arranging the content blocks.
- The grid is likely implemented using CSS Grid or Flexbox for better responsiveness across different devices.
- Responsive design considerations include ensuring that the content blocks adjust their size and position based on screen width.

**Assumptions**:
- The ""Explore Menu"" buttons will likely lead to a detailed menu page when clicked.
- The layout assumes a desktop view initially, with mobile responsiveness handled through media queries.

</analysis>

<final>
```html
<!DOCTYPE html>
<html lang=""en"">
<head>
    <meta charset=""UTF-8"">
    <meta name=""viewport"" content=""width=device-width, initial-scale=1.0"">
    <title>Delicious Restaurant</title>
    <style>
        body {
            font-family: Arial, sans-serif;
            margin: 0;
            padding: 0;
            display: flex;
            flex-direction: column;
            min-height: 100vh;
        }
        nav {
            background-color: #333;
            color: white;
            display: flex;
            justify-content: space-around;
            padding: 10px 0;
        }
        .content-block {
            background-color: #f9f9f9;
            border: 1px solid #ddd;
            padding: 20px;
            margin: 10px;
            border-radius: 5px;
            box-shadow: 0 2px 4px rgba(0, 0, 0, 0.1);
        }
        .content-block h2 {
            margin-top: 0;
        }
        .content-block p {
            margin-bottom: 10px;
        }
        .footer {
            text-align: center;
            padding: 10px;
            background-color: #f9f9f9;
            border-top: 1px solid #ddd;
        }
    </style>
</head>
<body>
    <nav>
        <a href=""#home"">Home</a>
        <a href=""#menu"">Menu</a>
        <a href=""#pre-order"">Pre-order</a>
        <a href=""#reservation"">Reservation</a>
        <a href=""#contact"">Contact Us</a>
    </nav>
    <main>
        <section class=""content-block"">
            <h2>Starters</h2>
            <p>Treat your tastebuds with our exquisite starters that prepare you for the main course.</p>
            <button>Explore Menu</button>
        </section>
        <section class=""content-block"">
            <h2>Main Course</h2>
            <p>Indulge in our variety of main course options - From traditional fare to fusion dishes.</p>
            <button>Explore Menu</button>
        </section>
        <section class=""content-block"">
            <h2>Desserts</h2>
            <p>Savor our delicious desserts that will leave you craving for more.</p>
            <button>Explore Menu</button>
        </section>
        <section class=""content-block"">
            <h2>Beverages</h2>
            <p>Quench your thirst with our refreshing and unique beverages.</p>
            <button>Explore Menu</button>
        </section>
    </main>
    <footer class=""footer"">
        <p>&copy; Delicious Restaurant 2022</p>
    </footer>
</body>
</html>
```","<analysis>
The wireframe shows a simple layout for a restaurant website. Here's a breakdown of the layout mapping to semantic HTML:

1. **Header/Nav Items**: The top navigation bar includes links labeled ""Home,"" ""Menu,"" ""Pre-order,"" ""Reservation,"" and ""Contact Us."" These can be represented using `<nav>` elements.

2. **Hero Structure**: There is no distinct hero section visible in the wireframe, but the main content area could serve as a hero-like introduction to the restaurant's offerings.

3. **Content Blocks**: The main content area is divided into four sections: ""Starters,"" ""Main Course,"" ""Desserts,"" and ""Beverages."" Each section has a title, a brief description, and a button labeled ""Explore Menu.""

4. **Footer**: The footer contains a copyright notice stating ""© Delicious Restaurant 2022.""

**Layout Choices**:
- The layout uses a grid layout for arranging the content blocks.
- The grid is likely implemented using CSS Grid or Flexbox for better responsiveness across different devices.
- Responsive design considerations include ensuring that the content blocks adjust their size and position based on screen width.

**Assumptions**:
- The ""Explore Menu"" buttons will likely lead to a detailed menu page when clicked.
- The layout assumes a desktop view initially, with mobile responsiveness handled through media queries.

</analysis>

<final>
```html
<!DOCTYPE html>
<html lang=""en"">
<head>
    <meta charset=""UTF-8"">
    <meta name=""viewport"" content=""width=device-width, initial-scale=1.0"">
    <title>Delicious Restaurant</title>
    <style>
        body {
            font-family: Arial, sans-serif;
            margin: 0;
            padding: 0;
            display: flex;
            flex-direction: column;
            min-height: 100vh;
        }
        nav {
            background-color: #333;
            color: white;
            display: flex;
            justify-content: space-around;
            padding: 10px 0;
        }
        .content-block {
            background-color: #f9f9f9;
            border: 1px solid #ddd;
            padding: 20px;
            margin: 10px;
            border-radius: 5px;
            box-shadow: 0 2px 4px rgba(0, 0, 0, 0.1);
        }
        .content-block h2 {
            margin-top: 0;
        }
        .content-block p {
            margin-bottom: 10px;
        }
        .footer {
            text-align: center;
            padding: 10px;
            background-color: #f9f9f9;
            border-top: 1px solid #ddd;
        }
    </style>
</head>
<body>
    <nav>
        <a href=""#home"">Home</a>
        <a href=""#menu"">Menu</a>
        <a href=""#pre-order"">Pre-order</a>
        <a href=""#reservation"">Reservation</a>
        <a href=""#contact"">Contact Us</a>
    </nav>
    <main>
        <section class=""content-block"">
            <h2>Starters</h2>
            <p>Treat your tastebuds with our exquisite starters that prepare you for the main course.</p>
            <button>Explore Menu</button>
        </section>
        <section class=""content-block"">
            <h2>Main Course</h2>
            <p>Indulge in our variety of main course options - From traditional fare to fusion dishes.</p>
            <button>Explore Menu</button>
        </section>
        <section class=""content-block"">
            <h2>Desserts</h2>
            <p>Savor our delicious desserts that will leave you craving for more.</p>
            <button>Explore Menu</button>
        </section>
        <section class=""content-block"">
            <h2>Beverages</h2>
            <p>Quench your thirst with our refreshing and unique beverages.</p>
            <button>Explore Menu</button>
        </section>
    </main>
    <footer class=""footer"">
        <p>&copy; Delicious Restaurant 2022</p>
    </footer>
</body>
</html>
```"
image_139_48.png,"<analysis>
The wireframe suggests a simple layout with a header, a search bar, two buttons (""Book an Appointment"" and ""Contact Us""), and two content blocks below.

1. **Header/Nav Items**: The top section is likely the header, containing the title ""Healthy Minds"". Below it, there's a search bar and two buttons, which could be part of the navigation or a call-to-action area within the header itself.

2. **Hero Structure**: There appears to be no distinct hero section in the wireframe provided. The content blocks seem to take up the space below the header.

3. **Content Blocks**: Two green rectangular areas are present beneath the header, suggesting they are content blocks. These could contain information, testimonials, or other relevant content related to mental health services.

4. **Footer**: There is no footer visible in the wireframe, so we can assume it might be at the bottom of the page outside the frame.

5. **Layout Choices**:
   - **Grid/Flex**: The layout seems to use a grid system for the content blocks, as they appear side by side without overlapping.
   - **Responsiveness**: The layout appears to be responsive, given the clean and straightforward design suitable for various screen sizes.
   - **Assumptions**: We assume the search bar and buttons are interactive elements, and the content blocks are placeholders for actual content.

</analysis>

<final>
```html
<!DOCTYPE html>
<html lang=""en"">
<head>
    <meta charset=""UTF-8"">
    <meta name=""viewport"" content=""width=device-width, initial-scale=1.0"">
    <title>Healthy Minds</title>
    <style>
        body {
            margin: 0;
            font-family: Arial, sans-serif;
        }
        header {
            background-color: #0066cc;
            color: white;
            padding: 1rem 0;
            text-align: center;
        }
        nav {
            display: flex;
            justify-content: center;
            margin-bottom: 1rem;
        }
        nav input[type=""text""] {
            padding: 0.5rem;
            margin-right: 1rem;
            border-radius: 4px;
            border: none;
            width: 200px;
        }
        nav button {
            padding: 0.5rem 1rem;
            border-radius: 4px;
            border: none;
            background-color: #fff;
            color: #0066cc;
            cursor: pointer;
        }
        .content-block {
            background-color: green;
            color: white;
            padding: 2rem;
            margin: 1rem 0;
            height: 100px; /* Placeholder */
        }
        footer {
            background-color: #0066cc;
            color: white;
            text-align: center;
            padding: 1rem 0;
        }
    </style>
</head>
<body>
    <header>
        <h1>Healthy Minds</h1>
    </header>
    <nav>
        <input type=""text"" placeholder=""Search..."">
        <button>Book an Appointment</button>
        <button>Contact Us</button>
    </nav>
    <section class=""content-block"">
        <p>Content Block 1</p>
    </section>
    <section class=""content-block"">
        <p>Content Block 2</p>
    </section>
    <footer>
        <p>&copy; Healthy Minds</p>
    </footer>
</body>
</html>
```","<analysis>
The wireframe suggests a simple layout with a header, a search bar, two buttons (""Book an Appointment"" and ""Contact Us""), and two content blocks below.

1. **Header/Nav Items**: The top section is likely the header, containing the title ""Healthy Minds"". Below it, there's a search bar and two buttons, which could be part of the navigation or a call-to-action area within the header itself.

2. **Hero Structure**: There appears to be no distinct hero section in the wireframe provided. The content blocks seem to take up the space below the header.

3. **Content Blocks**: Two green rectangular areas are present beneath the header, suggesting they are content blocks. These could contain information, testimonials, or other relevant content related to mental health services.

4. **Footer**: There is no footer visible in the wireframe, so we can assume it might be at the bottom of the page outside the frame.

5. **Layout Choices**:
   - **Grid/Flex**: The layout seems to use a grid system for the content blocks, as they appear side by side without overlapping.
   - **Responsiveness**: The layout appears to be responsive, given the clean and straightforward design suitable for various screen sizes.
   - **Assumptions**: We assume the search bar and buttons are interactive elements, and the content blocks are placeholders for actual content.

</analysis>

<final>
```html
<!DOCTYPE html>
<html lang=""en"">
<head>
    <meta charset=""UTF-8"">
    <meta name=""viewport"" content=""width=device-width, initial-scale=1.0"">
    <title>Healthy Minds</title>
    <style>
        body {
            margin: 0;
            font-family: Arial, sans-serif;
        }
        header {
            background-color: #0066cc;
            color: white;
            padding: 1rem 0;
            text-align: center;
        }
        nav {
            display: flex;
            justify-content: center;
            margin-bottom: 1rem;
        }
        nav input[type=""text""] {
            padding: 0.5rem;
            margin-right: 1rem;
            border-radius: 4px;
            border: none;
            width: 200px;
        }
        nav button {
            padding: 0.5rem 1rem;
            border-radius: 4px;
            border: none;
            background-color: #fff;
            color: #0066cc;
            cursor: pointer;
        }
        .content-block {
            background-color: green;
            color: white;
            padding: 2rem;
            margin: 1rem 0;
            height: 100px; /* Placeholder */
        }
        footer {
            background-color: #0066cc;
            color: white;
            text-align: center;
            padding: 1rem 0;
        }
    </style>
</head>
<body>
    <header>
        <h1>Healthy Minds</h1>
    </header>
    <nav>
        <input type=""text"" placeholder=""Search..."">
        <button>Book an Appointment</button>
        <button>Contact Us</button>
    </nav>
    <section class=""content-block"">
        <p>Content Block 1</p>
    </section>
    <section class=""content-block"">
        <p>Content Block 2</p>
    </section>
    <footer>
        <p>&copy; Healthy Minds</p>
    </footer>
</body>
</html>
```"
image_5578_23.png,"<analysis>
The wireframe depicts a simple webpage layout for a car rental company. Here's a breakdown of the layout mapping to semantic HTML:

1. **Header/Nav**: The top section contains navigation links labeled ""HOME,"" ""ABOUT,"" ""SERVICES,"" and ""CONTACT."" This is typically represented by a `<nav>` element.

2. **Hero Section**: Below the navigation, there's a large blue section with the heading ""Welcome to Car Rentals."" This is likely the hero section, which often uses a `<header>` tag for the title and a `<main>` tag for the content below it.

3. **Content Blocks**: There are two content blocks below the hero section:
   - A search bar with a ""Search"" button, which could be part of a form within a `<form>` element.
   - Two sections titled ""Where to ride?"" and ""Pick a time,"" each containing a brief description. These can be represented by `<section>` elements.

4. **Footer**: At the bottom, there's a copyright notice. This is typically placed within a `<footer>` element.

**Layout Choices**:
- The layout appears to use a grid layout for the main content area, allowing the hero section to span the full width while the content blocks are aligned below it.
- Responsive design considerations suggest that the hero section might be centered on smaller screens, and the content blocks could stack vertically on mobile devices.

**Assumptions**:
- The search functionality is assumed to be handled through server-side logic, as no JavaScript is visible in the wireframe.
- The hero section's background color and font size are visually appealing but are not part of the semantic HTML structure.

</analysis>

<final>
```html
<!DOCTYPE html>
<html lang=""en"">
<head>
    <meta charset=""UTF-8"">
    <meta name=""viewport"" content=""width=device-width, initial-scale=1.0"">
    <title>Car Rentals</title>
    <style>
        body {
            font-family: Arial, sans-serif;
            margin: 0;
            padding: 0;
        }
        nav {
            display: flex;
            justify-content: space-around;
            background-color: #f0f0f0;
            padding: 10px 20px;
        }
        header {
            background-color: #b0e0e6;
            color: white;
            text-align: center;
            padding: 20px 0;
        }
        main {
            display: grid;
            grid-template-columns: repeat(2, 1fr);
            gap: 20px;
            padding: 20px;
        }
        section {
            border: 1px solid #ccc;
            padding: 10px;
            margin-bottom: 20px;
        }
        footer {
            background-color: #d3d3d3;
            color: black;
            text-align: center;
            padding: 10px 0;
        }
    </style>
</head>
<body>
    <nav>
        <a href=""#"">HOME</a>
        <a href=""#"">ABOUT</a>
        <a href=""#"">SERVICES</a>
        <a href=""#"">CONTACT</a>
    </nav>
    <header>
        <h1>Welcome to Car Rentals</h1>
    </header>
    <main>
        <section>
            <form>
                <input type=""text"" placeholder=""Search for car..."">
                <button type=""submit"">Search</button>
            </form>
        </section>
        <section>
            <h2>Where to ride?</h2>
            <p>Ride where you want, when you want.</p>
        </section>
        <section>
            <h2>Pick a time</h2>
            <p>When's the ride of a lifetime?</p>
        </section>
    </main>
    <footer>
        <p>Copyright © 2022 Car Rental Company</p>
    </footer>
</body>
</html>
```
```","<analysis>
The wireframe depicts a simple webpage layout for a car rental company. Here's a breakdown of the layout mapping to semantic HTML:

1. **Header/Nav**: The top section contains navigation links labeled ""HOME,"" ""ABOUT,"" ""SERVICES,"" and ""CONTACT."" This is typically represented by a `<nav>` element.

2. **Hero Section**: Below the navigation, there's a large blue section with the heading ""Welcome to Car Rentals."" This is likely the hero section, which often uses a `<header>` tag for the title and a `<main>` tag for the content below it.

3. **Content Blocks**: There are two content blocks below the hero section:
   - A search bar with a ""Search"" button, which could be part of a form within a `<form>` element.
   - Two sections titled ""Where to ride?"" and ""Pick a time,"" each containing a brief description. These can be represented by `<section>` elements.

4. **Footer**: At the bottom, there's a copyright notice. This is typically placed within a `<footer>` element.

**Layout Choices**:
- The layout appears to use a grid layout for the main content area, allowing the hero section to span the full width while the content blocks are aligned below it.
- Responsive design considerations suggest that the hero section might be centered on smaller screens, and the content blocks could stack vertically on mobile devices.

**Assumptions**:
- The search functionality is assumed to be handled through server-side logic, as no JavaScript is visible in the wireframe.
- The hero section's background color and font size are visually appealing but are not part of the semantic HTML structure.

</analysis>

<final>
```html
<!DOCTYPE html>
<html lang=""en"">
<head>
    <meta charset=""UTF-8"">
    <meta name=""viewport"" content=""width=device-width, initial-scale=1.0"">
    <title>Car Rentals</title>
    <style>
        body {
            font-family: Arial, sans-serif;
            margin: 0;
            padding: 0;
        }
        nav {
            display: flex;
            justify-content: space-around;
            background-color: #f0f0f0;
            padding: 10px 20px;
        }
        header {
            background-color: #b0e0e6;
            color: white;
            text-align: center;
            padding: 20px 0;
        }
        main {
            display: grid;
            grid-template-columns: repeat(2, 1fr);
            gap: 20px;
            padding: 20px;
        }
        section {
            border: 1px solid #ccc;
            padding: 10px;
            margin-bottom: 20px;
        }
        footer {
            background-color: #d3d3d3;
            color: black;
            text-align: center;
            padding: 10px 0;
        }
    </style>
</head>
<body>
    <nav>
        <a href=""#"">HOME</a>
        <a href=""#"">ABOUT</a>
        <a href=""#"">SERVICES</a>
        <a href=""#"">CONTACT</a>
    </nav>
    <header>
        <h1>Welcome to Car Rentals</h1>
    </header>
    <main>
        <section>
            <form>
                <input type=""text"" placeholder=""Search for car..."">
                <button type=""submit"">Search</button>
            </form>
        </section>
        <section>
            <h2>Where to ride?</h2>
            <p>Ride where you want, when you want.</p>
        </section>
        <section>
            <h2>Pick a time</h2>
            <p>When's the ride of a lifetime?</p>
        </section>
    </main>
    <footer>
        <p>Copyright © 2022 Car Rental Company</p>
    </footer>
</body>
</html>
```
```"
image_79_37.png,"<analysis>
The wireframe depicts a simple webpage layout for a social media management service. Here's a breakdown of the layout and its mapping to semantic HTML:

1. **Header/Nav**:
   - The top bar contains the company name ""Social Media ManageR"" on the left.
   - Navigation links (""Home"", ""About"", ""Services"", ""Pricing"", ""Contact"") are aligned to the right.

2. **Hero Section**:
   - Positioned below the header, it features a large image placeholder on the right side.
   - Text on the left promotes the services offered by the company.

3. **Content Blocks**:
   - Two distinct sections follow the hero: ""Our Services"" and ""Pricing"".
   - Each section has a heading and a brief description.

4. **Footer**:
   - At the bottom, it includes copyright information and navigation links similar to the header.

5. **Layout Choices**:
   - The layout uses a grid layout for the hero section, with the image on the right and text on the left.
   - The content blocks use a flexbox layout to align the headings and descriptions vertically.
   - Responsive design is assumed, given the layout's adaptability across different screen sizes.

6. **Responsiveness**:
   - The layout is designed to be responsive, ensuring that the hero image scales appropriately and the content blocks remain readable on smaller screens.

7. **Assumptions**:
   - The placeholder image will be replaced with actual content.
   - The text within the hero section will be optimized for readability and SEO.
   - The navigation links will be functional and lead to the respective pages.

</analysis>

<final>
```html
<!DOCTYPE html>
<html lang=""en"">
<head>
    <meta charset=""UTF-8"">
    <meta name=""viewport"" content=""width=device-width, initial-scale=1.0"">
    <title>Social Media ManageR</title>
    <style>
        body {
            font-family: Arial, sans-serif;
            margin: 0;
            padding: 0;
        }
        .container {
            display: grid;
            grid-template-columns: repeat(12, 1fr);
            gap: 1rem;
            padding: 1rem;
        }
        .header {
            display: flex;
            justify-content: space-between;
            align-items: center;
            background-color: #f9f9f9;
            padding: 1rem;
        }
        .hero {
            display: grid;
            grid-template-columns: 1fr 1fr;
            gap: 1rem;
        }
        .hero img {
            width: 100%;
            height: auto;
        }
        .content-block {
            padding: 1rem;
        }
        .footer {
            display: flex;
            justify-content: space-between;
            align-items: center;
            background-color: #f9f9f9;
            padding: 1rem;
        }
    </style>
</head>
<body>
    <div class=""container"">
        <header class=""header"">
            <h1>Social Media ManageR</h1>
            <nav>
                <a href=""#"">Home</a>
                <a href=""#"">About</a>
                <a href=""#"">Services</a>
                <a href=""#"">Pricing</a>
                <a href=""#"">Contact</a>
            </nav>
        </header>
        <section class=""hero"">
            <div>
                <h2>Optimize Your Social Media Growth</h2>
                <p>Unlock the power of Social Media with our services</p>
            </div>
            <img src=""placeholder.jpg"" alt=""Social Media Growth Image"">
        </section>
        <section class=""content-block"">
            <h2>Our Services</h2>
            <p>Boost your reach, Increase your engagement, Analyze your data</p>
        </section>
        <section class=""content-block"">
            <h2>Pricing</h2>
            <p>Starting at just $100 per month</p>
        </section>
        <footer class=""footer"">
            <p>&copy; 2023 Social Media ManageR</p>
            <nav>
                <a href=""#"">Home</a>
                <a href=""#"">About</a>
                <a href=""#"">Services</a>
                <a href=""#"">Pricing</a>
                <a href=""#"">Contact</a>
            </nav>
        </footer>
    </div>
</body>
</html>
```
```","<analysis>
The wireframe depicts a simple webpage layout for a social media management service. Here's a breakdown of the layout and its mapping to semantic HTML:

1. **Header/Nav**:
   - The top bar contains the company name ""Social Media ManageR"" on the left.
   - Navigation links (""Home"", ""About"", ""Services"", ""Pricing"", ""Contact"") are aligned to the right.

2. **Hero Section**:
   - Positioned below the header, it features a large image placeholder on the right side.
   - Text on the left promotes the services offered by the company.

3. **Content Blocks**:
   - Two distinct sections follow the hero: ""Our Services"" and ""Pricing"".
   - Each section has a heading and a brief description.

4. **Footer**:
   - At the bottom, it includes copyright information and navigation links similar to the header.

5. **Layout Choices**:
   - The layout uses a grid layout for the hero section, with the image on the right and text on the left.
   - The content blocks use a flexbox layout to align the headings and descriptions vertically.
   - Responsive design is assumed, given the layout's adaptability across different screen sizes.

6. **Responsiveness**:
   - The layout is designed to be responsive, ensuring that the hero image scales appropriately and the content blocks remain readable on smaller screens.

7. **Assumptions**:
   - The placeholder image will be replaced with actual content.
   - The text within the hero section will be optimized for readability and SEO.
   - The navigation links will be functional and lead to the respective pages.

</analysis>

<final>
```html
<!DOCTYPE html>
<html lang=""en"">
<head>
    <meta charset=""UTF-8"">
    <meta name=""viewport"" content=""width=device-width, initial-scale=1.0"">
    <title>Social Media ManageR</title>
    <style>
        body {
            font-family: Arial, sans-serif;
            margin: 0;
            padding: 0;
        }
        .container {
            display: grid;
            grid-template-columns: repeat(12, 1fr);
            gap: 1rem;
            padding: 1rem;
        }
        .header {
            display: flex;
            justify-content: space-between;
            align-items: center;
            background-color: #f9f9f9;
            padding: 1rem;
        }
        .hero {
            display: grid;
            grid-template-columns: 1fr 1fr;
            gap: 1rem;
        }
        .hero img {
            width: 100%;
            height: auto;
        }
        .content-block {
            padding: 1rem;
        }
        .footer {
            display: flex;
            justify-content: space-between;
            align-items: center;
            background-color: #f9f9f9;
            padding: 1rem;
        }
    </style>
</head>
<body>
    <div class=""container"">
        <header class=""header"">
            <h1>Social Media ManageR</h1>
            <nav>
                <a href=""#"">Home</a>
                <a href=""#"">About</a>
                <a href=""#"">Services</a>
                <a href=""#"">Pricing</a>
                <a href=""#"">Contact</a>
            </nav>
        </header>
        <section class=""hero"">
            <div>
                <h2>Optimize Your Social Media Growth</h2>
                <p>Unlock the power of Social Media with our services</p>
            </div>
            <img src=""placeholder.jpg"" alt=""Social Media Growth Image"">
        </section>
        <section class=""content-block"">
            <h2>Our Services</h2>
            <p>Boost your reach, Increase your engagement, Analyze your data</p>
        </section>
        <section class=""content-block"">
            <h2>Pricing</h2>
            <p>Starting at just $100 per month</p>
        </section>
        <footer class=""footer"">
            <p>&copy; 2023 Social Media ManageR</p>
            <nav>
                <a href=""#"">Home</a>
                <a href=""#"">About</a>
                <a href=""#"">Services</a>
                <a href=""#"">Pricing</a>
                <a href=""#"">Contact</a>
            </nav>
        </footer>
    </div>
</body>
</html>
```
```"
