image,explanation,score
3AD8509F-A870-4A05-BF80-909BED5EED6A.png,"system
You are a helpful assistant.
user
You are a strict UI/UX evaluator.
Compare the first image (ground-truth wireframe) with the second image (generated wireframe).
Do the following:
1. Provide a detailed section-by-section comparison (header, hero, content blocks, footer).
2. Explain key differences in structure, layout, and visual hierarchy.
3. Assign a similarity score from 1 to 5 (1 = very different, 5 = nearly identical). Be very critical and you can assign scores in decimals.

Output format:
<analysis> ... reasoning here ... </analysis>
<score>n</score>

assistant
<analysis>
Both wireframes represent a similar structure and layout, with a focus on providing information about a store and its offerings. However, there are some key differences in the visual hierarchy and design elements:

1. **Header**: The header in both images is consistent, with links to Home, Shop, Blog, and Contact. The only difference is the color of the links, which are blue in the generated wireframe and black in the ground-truth wireframe.

2. **Hero Section**: The hero section in both images is the same, with a welcoming message and a call-to-action button. There are no significant differences in the content or layout.

3. **Content Blocks**: The content blocks are similar in both images, with sections for Featured Product, New Arrivals, Special Offers, Contact Us, About Us, and Customer Reviews. The main differences are in the text and the color of the buttons. In the ground-truth wireframe, the buttons are orange, while in the generated wireframe, they are red.

4. **Footer**: The footer in both images is the same, with a copyright notice and a link to the website's terms and conditions. There are no significant differences in the content or layout.

<score>4.5</score>
</analysis>",
3C0A4C08-F7BF-42DD-A72D-4A379B66B529.png,"system
You are a helpful assistant.
user
You are a strict UI/UX evaluator.
Compare the first image (ground-truth wireframe) with the second image (generated wireframe).
Do the following:
1. Provide a detailed section-by-section comparison (header, hero, content blocks, footer).
2. Explain key differences in structure, layout, and visual hierarchy.
3. Assign a similarity score from 1 to 5 (1 = very different, 5 = nearly identical). Be very critical and you can assign scores in decimals.

Output format:
<analysis> ... reasoning here ... </analysis>
<score>n</score>

assistant
<analysis>
The two wireframes are very similar in structure and layout. Both contain a header with a navigation menu, a main content area with three sections, and a footer with a copyright notice.

1. **Header:**
   - Both headers contain a navigation menu with the same options: Home, Menu, Pre-order, Reservation, and Contact Us.
   - The layout and positioning of the menu items are identical in both wireframes.

2. **Main Content:**
   - Both wireframes have three sections in the main content area, each with a title and a brief description.
   - The titles and descriptions are the same in both wireframes: Starters, Main Course, Desserts, and Beverages.
   - The layout of the sections is also identical, with each section having a title, description, and a button labeled ""Explore Menu.""

3. **Footer:**
   - Both wireframes have a footer with a copyright notice that reads ""Â© Delicious Restaurant 2022.""
   - The layout and positioning of the copyright notice are the same in both wireframes.

<score>5</score>
</analysis>",5.0
image_139_48.png,"system
You are a helpful assistant.
user
You are a strict UI/UX evaluator.
Compare the first image (ground-truth wireframe) with the second image (generated wireframe).
Do the following:
1. Provide a detailed section-by-section comparison (header, hero, content blocks, footer).
2. Explain key differences in structure, layout, and visual hierarchy.
3. Assign a similarity score from 1 to 5 (1 = very different, 5 = nearly identical). Be very critical and you can assign scores in decimals.

Output format:
<analysis> ... reasoning here ... </analysis>
<score>n</score>

assistant
<analysis>
The first image is a ground-truth wireframe, while the second image is a generated wireframe. Here is a detailed comparison:

1. **Header:**
   - Both images have a header with the same text ""Healthy Minds.""
   - The header color is different: the ground-truth uses a blue background, while the generated wireframe uses a teal background.
   - The search bar and navigation links are present in both headers, but the layout and design are different.

2. **Hero Section:**
   - The ground-truth wireframe has a green background with a white text area.
   - The generated wireframe has a teal background with a white text area.
   - The text in the hero section is different: the ground-truth has a welcome message, while the generated wireframe has a description of services.

3. **Content Blocks:**
   - The ground-truth wireframe has three content blocks: ""Welcome to Healthy Minds,"" ""Our Services,"" and ""Testimonials.""
   - The generated wireframe has a single content block with a welcome message and a description of services.
   - The layout and structure of the content blocks are different between the two images.

4. **Footer:**
   - Both images have a footer with the same text ""Healthy Minds.""
   - The footer color is different: the ground-truth uses a teal background, while the generated wireframe uses a white background.
   - The footer layout and design are different.

<score>2.5</score>
</analysis>",
image_5578_23.png,"system
You are a helpful assistant.
user
You are a strict UI/UX evaluator.
Compare the first image (ground-truth wireframe) with the second image (generated wireframe).
Do the following:
1. Provide a detailed section-by-section comparison (header, hero, content blocks, footer).
2. Explain key differences in structure, layout, and visual hierarchy.
3. Assign a similarity score from 1 to 5 (1 = very different, 5 = nearly identical). Be very critical and you can assign scores in decimals.

Output format:
<analysis> ... reasoning here ... </analysis>
<score>n</score>

assistant
<analysis>
The two wireframes are very similar in structure and layout, but there are some key differences in visual hierarchy and content.

1. **Header:**
   - Both headers have a navigation bar with links to Home, About, Services, and Contact.
   - The ground-truth wireframe has a more structured header with clear sections, while the generated wireframe has a simpler layout with less emphasis on the header.

2. **Hero Section:**
   - The ground-truth wireframe has a large hero section with a blue background and a title ""Welcome to Car Rentals.""
   - The generated wireframe has a similar hero section, but the title is not as prominent and the background color is different.

3. **Content Blocks:**
   - Both wireframes have content blocks with sections for ""Where to ride?"" and ""Pick a time.""
   - The ground-truth wireframe has a more detailed layout with sub-sections and a search bar, while the generated wireframe has a simpler layout with less emphasis on the search bar.

4. **Footer:**
   - Both wireframes have a footer with copyright information.
   - The ground-truth wireframe has a more structured footer with clear sections, while the generated wireframe has a simpler layout with less emphasis on the footer.

<score>4.5</score>
</analysis>",
image_79_37.png,"system
You are a helpful assistant.
user
You are a strict UI/UX evaluator.
Compare the first image (ground-truth wireframe) with the second image (generated wireframe).
Do the following:
1. Provide a detailed section-by-section comparison (header, hero, content blocks, footer).
2. Explain key differences in structure, layout, and visual hierarchy.
3. Assign a similarity score from 1 to 5 (1 = very different, 5 = nearly identical). Be very critical and you can assign scores in decimals.

Output format:
<analysis> ... reasoning here ... </analysis>
<score>n</score>

assistant
<analysis>
Both wireframes represent the same website structure, with a similar layout and content blocks. However, there are some key differences in the visual design and structure:

1. **Header:**
   - The first image has a more structured header with clear sections for ""Home,"" ""About,"" ""Services,"" and ""Contact."" The second image has a simpler header with fewer sections.
   - The first image has a more prominent logo and a tagline, while the second image has a more minimalistic header design.

2. **Hero Section:**
   - The first image has a larger hero section with a placeholder image and a tagline. The second image has a smaller hero section with a different layout and no placeholder image.

3. **Content Blocks:**
   - The first image has a more detailed ""Our Services"" section with a description of services and a pricing section. The second image has a simpler ""Our Services"" section with less detailed information.
   - The first image has a more structured ""Pricing"" section with a description of pricing. The second image has a more minimalistic pricing section with less detailed information.

4. **Footer:**
   - The first image has a more detailed footer with copyright information and navigation links. The second image has a simpler footer with fewer links.

<score>3.5</score>
</analysis>",
